Mean,Variance
0.013573707081949118,0.00018827437784309873
