Mean,Variance
0.013869613152181458,0.00017123921220711885
