Mean,Variance
0.012121530158994824,0.0001364947420860764
