Mean,Variance
0.013749003745797446,0.0001940330453282948
