Queue_Util,N_a,N_d,N_o,P_idle,E[N]
0.25,125086,125086,741715,0.7520287441941986,0.33035195459172323
0.35,174445,174445,1040586,0.651146565492905,0.5357635024880212
0.45,224583,224583,1337154,0.5506037449687919,0.8181144430634019
0.55,274387,274387,1634711,0.45017314987175105,1.220402260705409
0.65,323830,323830,1930559,0.3529682335530797,1.8385400290796603
0.75,374537,374537,2226265,0.25313563299966535,2.953274205900915
0.85,424044,424044,2528146,0.15322691015471418,5.5066143331912
0.95,475567,475567,2821395,0.047286891768079264,20.888158162894598
