Queue_Util,N_a,N_d,N_o,P_idle,E[N]
0.25,124901,124901,742443,0.7510852684987265,0.3320443454918425
0.35,175398,175398,1038903,0.6499942728050646,0.5395354522992041
0.45,224953,224953,1337247,0.5504345868788638,0.8212349700541486
0.55,274711,274711,1635043,0.4487851389841123,1.2331779653501467
0.65,324359,324359,1930810,0.3483931614193007,1.8794754533071611
0.75,374968,374968,2230012,0.24892780846022353,2.9752490121129394
0.85,424894,424894,2526531,0.1499435391847557,5.646966532371857
0.95,475140,475140,2817441,0.0480127179238181,19.186221823278643
