Queue_Util,N_a,N_d,N_o,P_idle,E[N]
1.2,599910,599910,3567341,2.8032083279955576e-06,50274.727401725824
