Queue_Util,N_a,N_d,N_o,P_idle,E[N]
1.2,600930,600930,3566143,7.57120508067119e-06,51080.83434091118
