Queue_Util,N_a,N_d,N_o,P_idle,E[N]
1.2,600388,600388,3563437,5.612558886266265e-07,50706.578746025254
Queue_Util,N_a,N_d,N_o,P_idle,E[N]
1.2,1199731,1199731,7131317,6.5906479826937994e-06,99367.78507265908
